{
  "version": 1,
  "author": "Anonymous maker",
  "editor": "wokwi",
  "parts": [
    { "type": "wokwi-breadboard", "id": "bb1", "top": -329.4, "left": -74, "attrs": {} },
    {
      "type": "board-esp32-devkit-c-v4",
      "id": "esp",
      "top": -145.14,
      "left": -31.9,
      "rotate": 270,
      "attrs": {}
    },
    { "type": "wokwi-led", "id": "led1", "top": -253.2, "left": 3.8, "attrs": { "color": "red" } },
    {
      "type": "wokwi-led",
      "id": "led2",
      "top": -253.2,
      "left": 32.6,
      "attrs": { "color": "red" }
    },
    {
      "type": "wokwi-led",
      "id": "led3",
      "top": -253.2,
      "left": 51.8,
      "attrs": { "color": "red" }
    }
  ],
  "connections": [
    [ "esp:TX", "$serialMonitor:RX", "", [] ],
    [ "esp:RX", "$serialMonitor:TX", "", [] ],
    [ "esp:GND.2", "bb1:bn.1", "black", [ "v0" ] ],
    [ "bb1:bn.3", "bb1:5b.j", "black", [ "v0" ] ],
    [ "esp:2", "bb1:14b.j", "green", [ "v-19.2", "h-9.6" ] ],
    [ "bb1:bn.5", "bb1:8b.j", "black", [ "v-1.3", "h8.8" ] ],
    [ "bb1:9b.j", "esp:5", "green", [ "v57.6", "h19.2" ] ],
    [ "bb1:bn.8", "bb1:11b.j", "black", [ "v0" ] ],
    [ "led1:A", "bb1:9b.f", "", [ "$bb" ] ],
    [ "led1:C", "bb1:8b.f", "", [ "$bb" ] ],
    [ "led2:A", "bb1:12b.f", "", [ "$bb" ] ],
    [ "led2:C", "bb1:11b.f", "", [ "$bb" ] ],
    [ "led3:A", "bb1:14b.f", "", [ "$bb" ] ],
    [ "led3:C", "bb1:13b.f", "", [ "$bb" ] ],
    [ "esp:4", "bb1:12b.j", "green", [ "v0" ] ],
    [ "bb1:bn.10", "bb1:13b.j", "black", [ "v0" ] ]
  ],
  "dependencies": {}
}